{
  "type": "Compass Connections",
  "version": {
    "$numberInt": "1"
  },
  "connections": [
    {
      "id": "0beeb84b-0c1a-4ab6-9d62-2069773978f4",
      "lastUsed": {
        "$date": {
          "$numberLong": "1730175379856"
        }
      },
      "savedConnectionType": "recent",
      "connectionOptions": {
        "connectionString": "mongodb://localhost:27017/",
        "oidc": {
          "serializedState": "eyJvaWRjUGx1Z2luU3RhdGVWZXJzaW9uIjowLCJzdGF0ZSI6W119"
        }
      }
    },
    {
      "id": "14f4c207-756b-4df2-b503-aad16fa3c3bf",
      "lastUsed": {
        "$date": {
          "$numberLong": "1726116967649"
        }
      },
      "savedConnectionType": "recent",
      "connectionOptions": {
        "connectionString": "mongodb://localhost:27017/",
        "oidc": {
          "serializedState": "eyJvaWRjUGx1Z2luU3RhdGVWZXJzaW9uIjowLCJzdGF0ZSI6W119"
        }
      }
    },
    {
      "id": "47a72df8-d9ff-4a53-91fa-eda0e5cc57b4",
      "lastUsed": {
        "$date": {
          "$numberLong": "1724387831589"
        }
      },
      "savedConnectionType": "recent",
      "connectionOptions": {
        "connectionString": "mongodb://localhost:27017/",
        "oidc": {
          "serializedState": "eyJvaWRjUGx1Z2luU3RhdGVWZXJzaW9uIjowLCJzdGF0ZSI6W119"
        }
      }
    },
    {
      "id": "58d42b6f-b371-4e31-aa6c-83579d7268ef",
      "lastUsed": {
        "$date": {
          "$numberLong": "1725256683168"
        }
      },
      "savedConnectionType": "recent",
      "connectionOptions": {
        "connectionString": "mongodb://localhost:27017/",
        "oidc": {
          "serializedState": "eyJvaWRjUGx1Z2luU3RhdGVWZXJzaW9uIjowLCJzdGF0ZSI6W119"
        }
      }
    },
    {
      "id": "d391b9a6-2565-40d7-951c-06127fe62eac",
      "lastUsed": {
        "$date": {
          "$numberLong": "1721543674739"
        }
      },
      "connectionOptions": {
        "connectionString": "mongodb://localhost:27017/",
        "oidc": {
          "serializedState": "eyJvaWRjUGx1Z2luU3RhdGVWZXJzaW9uIjowLCJzdGF0ZSI6W119"
        }
      },
      "savedConnectionType": "recent"
    },
    {
      "id": "de9679c9-f04e-417d-a1bc-95e3b98a606d",
      "lastUsed": {
        "$date": {
          "$numberLong": "1725085423230"
        }
      },
      "savedConnectionType": "recent",
      "connectionOptions": {
        "connectionString": "mongodb://localhost:27017/",
        "oidc": {
          "serializedState": "eyJvaWRjUGx1Z2luU3RhdGVWZXJzaW9uIjowLCJzdGF0ZSI6W119"
        }
      }
    },
    {
      "id": "fa7f3c63-8277-4ddf-95c4-dd8e609c7a50",
      "lastUsed": {
        "$date": {
          "$numberLong": "1724651434651"
        }
      },
      "savedConnectionType": "recent",
      "connectionOptions": {
        "connectionString": "mongodb://localhost:27017/",
        "oidc": {
          "serializedState": "eyJvaWRjUGx1Z2luU3RhdGVWZXJzaW9uIjowLCJzdGF0ZSI6W119"
        }
      }
    }
  ]
}